{"stats":{"minecraft:custom":{"minecraft:time_since_rest":3750,"minecraft:sprint_one_cm":303321,"minecraft:damage_taken":1390,"minecraft:walk_one_cm":106747,"minecraft:drop":8,"minecraft:damage_dealt":0,"minecraft:fly_one_cm":1141387,"minecraft:crouch_one_cm":72344,"minecraft:play_time":451997,"minecraft:deaths":4,"minecraft:sneak_time":24087,"minecraft:jump":4130,"minecraft:leave_game":4,"minecraft:time_since_death":3726,"minecraft:total_world_time":476518,"minecraft:fall_one_cm":742425},"minecraft:used":{"minecraft:command_block":4,"minecraft:red_wool":3,"minecraft:red_concrete":15,"minecraft:armor_stand":1,"minecraft:oak_sign":10,"minecraft:slime_block":10,"minecraft:lime_wool":18,"minecraft:stone_button":1,"minecraft:green_wool":2,"minecraft:cyan_concrete":22,"minecraft:red_terracotta":7,"minecraft:stone":2,"minecraft:white_wool":3,"minecraft:orange_carpet":6,"minecraft:lime_concrete":5,"minecraft:white_carpet":4,"minecraft:prismarine_bricks":1,"minecraft:light_blue_wool":18,"minecraft:yellow_concrete":24,"minecraft:repeating_command_block":7,"minecraft:polished_blackstone_button":1,"minecraft:gray_concrete":31,"minecraft:pink_carpet":15,"minecraft:warped_button":1,"minecraft:mangrove_sign":6,"minecraft:spruce_log":10,"minecraft:obsidian":7},"minecraft:picked_up":{"minecraft:orange_carpet":6,"minecraft:pink_carpet":6,"minecraft:mangrove_sign":3,"minecraft:white_carpet":4,"minecraft:oak_sign":7},"minecraft:dropped":{"minecraft:gray_concrete":1,"minecraft:repeating_command_block":1,"minecraft:stone_button":1,"minecraft:warped_button":2,"minecraft:command_block":2,"minecraft:polished_blackstone_button":1}},"DataVersion":3955}